x_bucket,mean_x,mean_ret,std_ret,n,sem,ci95,bucket_label
"(49999999.999, 75000000.0]",61991525.423728816,0.0010695221419586619,0.006532196692236694,590,0.0002689262819601848,0.0005270955126419622,"(49999999.999, 75000000.0]"
"(75000000.0, 120000000.0]",120000000.0,0.001596709963671058,0.007030077460200138,297,0.00040792646848620856,0.0007995358782329688,"(75000000.0, 120000000.0]"
"(120000000.0, 180000000.0]",180000000.0,0.0017284806876671833,0.006270991291964093,274,0.00037884443865566586,0.000742535099765105,"(120000000.0, 180000000.0]"
"(180000000.0, 320000000.0]",284612546.1254613,0.0015934919428510022,0.006678709889646472,542,0.0002868751537798319,0.0005622753014084704,"(180000000.0, 320000000.0]"
"(320000000.0, 400000000.0]",400000000.0,0.00109227318164144,0.006578099811675911,283,0.00039102744579539085,0.0007664137937589661,"(320000000.0, 400000000.0]"
"(400000000.0, 500000000.0]",500000000.0,0.001166433337317561,0.0064812123148313625,294,0.0003779919782376057,0.0007408642773457072,"(400000000.0, 500000000.0]"
"(500000000.0, 650000000.0]",650000000.0,0.0010535343738649363,0.00633845087120514,298,0.00036717660037282647,0.0007196661367307399,"(500000000.0, 650000000.0]"
"(650000000.0, 800000000.0]",800000000.0,0.0014043595975920737,0.007085615959524018,302,0.000407731381211585,0.0007991535071747067,"(650000000.0, 800000000.0]"
