n_bucket,mean_n,mean_ret,std_ret,n,sem,ci95,bucket_label
"(2.999, 5.0]",3.923076923076923,-0.0016372417845367077,0.007182521834062851,65,0.0008908821893691805,0.0017461290911635937,"(2.999, 5.0]"
"(5.0, 8.0]",7.567901234567901,-0.00321760879678895,0.006562483759039764,81,0.0007291648621155294,0.0014291631297464376,"(5.0, 8.0]"
"(8.0, 10.0]",10.0,-0.001366127993286025,0.005469989259965066,55,0.0007375732013487717,0.0014456434746435926,"(8.0, 10.0]"
"(10.0, 12.0]",12.0,-0.0025514317181149606,0.008029407080500586,40,0.0012695607317532406,0.0024883390342363516,"(10.0, 12.0]"
"(12.0, 15.0]",15.0,-0.0011196577260034805,0.007020459013705896,57,0.0009298825125102403,0.0018225697245200711,"(12.0, 15.0]"
"(15.0, 18.0]",18.0,-1.491319484356501e-05,0.00638528955717401,47,0.0009313902069687819,0.0018255248056588125,"(15.0, 18.0]"
"(18.0, 20.0]",20.0,-0.0017792891065263343,0.0069590127390147865,38,0.001128900936190059,0.0022126458349325155,"(18.0, 20.0]"
"(20.0, 25.0]",25.0,-0.0015861353562334995,0.005650002473613104,42,0.0008718143089726078,0.001708756045586311,"(20.0, 25.0]"
